id,date,source,text
1,2026-06-14,Лента.ру,В российском приюте для животных произошел пожар
2,2026-06-14,Лента.ру,"Великобритания перехватила танкер в Ла-Манше, назвав его частью «теневого флота» России. Как отреагировали в Москве?"
3,2026-06-14,Лента.ру,Тарасова двумя словами описала ситуацию с российскими фигуристами
4,2026-06-14,Лента.ру,В Армении задержали осквернившего мемориал героям Великой Отечественной войны
5,2026-06-14,Лента.ру,Жители российского города пожаловались на отсутствие помощи после потопа
6,2026-06-14,Лента.ру,В российском регионе ввели карантин из-за инфекции у скота
7,2026-06-14,Лента.ру,На Украине образовались огромные очереди из желающих выехать из страны
8,2026-06-14,Лента.ру,Комбриг оценил сформированную по стандартам НАТО бригаду ВСУ
9,2026-06-14,Лента.ру,Россиянам перечислили снижающие вред шашлыка маринады
10,2026-06-14,Лента.ру,Жители российского региона рассказали о залетевшей в духовку шаровой молнии
11,2026-06-14,Лента.ру,Москвичей предупредили о дождливой неделе
12,2026-06-14,Лента.ру,В Иране раскрыли детали соглашения с США по ядерному оружию
13,2026-06-14,Лента.ру,На границе Казахстана с Россией скопились фуры из-за роста объема перевозки овощей
14,2026-06-14,Лента.ру,США вдвое увеличили экспорт одного вида товаров в Россию
15,2026-06-14,Лента.ру,В Кремле пообещали рассказать о поздравлении Трампа с днем рождения
16,2026-06-14,Лента.ру,Подразделения российский войск продвинулись в Красном Лимане
17,2026-06-14,Лента.ру,Минобороны рассказало о ситуации в Константиновке
18,2026-06-14,Лента.ру,Сестры Уильямс впервые за четыре года сыграют в паре
19,2026-06-14,Лента.ру,Стало известно об интересе предпринимателей США вернуться на российский рынок
20,2026-06-14,Лента.ру,Пушилин захотел увидеть концерт основателя Pink Floyd в ДНР
21,2026-06-14,Лента.ру,Путин поздравил Сокурова с юбилеем
22,2026-06-14,Лента.ру,Поединок бойца ММА Чимаева завершился массовой дракой
23,2026-06-14,Лента.ру,Прорыв дамбы в российском регионе привел к затоплению земель и вероятности эвакуации
24,2026-06-14,Лента.ру,Дмитриев прокомментировал задержание танкера в Ла-Манше
25,2026-06-14,Лента.ру,В Совфеде отреагировали на задержание Британией танкера «теневого флота» России
26,2026-06-14,Лента.ру,В европейском городе бутики заколотили фанерой перед G7
27,2026-06-14,Лента.ру,Врач предупредил о последствиях частого сдерживания газов
28,2026-06-14,Лента.ру,Баскетбольные фанаты устроили беспорядки в Нью-Йорке
29,2026-06-14,Лента.ру,В Японии захотели наладить отношения с Россией
30,2026-06-14,Лента.ру,Удар БПЛА по российскому городу привел к жертве
31,2026-06-14,Лента.ру,Болгария отказалась остановить поставки военной помощи Украине. Каким способом оружие передадут ВСУ?
32,2026-06-14,Лента.ру,Детский сад в российском городе обвинили в травмировании детей
33,2026-06-14,Лента.ру,Десятки самолетов задержали в крупных российских аэропортах
34,2026-06-14,Лента.ру,Стармер заявил о перехвате российского танкера в Ла-Манше
35,2026-06-14,Лента.ру,Немецкий генерал призвал срочно вернуться к переговорам по Украине
36,2026-06-14,Лента.ру,Вероятность гола Мбаппе в матче Франция — Сенегал оценили
37,2026-06-14,Лента.ру,Командование ВСУ не поверило в окружение украинских сил в Константиновке
38,2026-06-14,Лента.ру,У сборной Англии на ЧМ-2026 произошла еще одна неприятность
39,2026-06-14,Лента.ру,В Москве обрушилась температура
40,2026-06-14,Лента.ру,Пожилая женщина пострадала при атаке БПЛА на российский регион
41,2026-06-14,Лента.ру,В НБА определился новый чемпион
42,2026-06-14,Лента.ру,Сборная Австралии обыграла Турцию на ЧМ-2026
43,2026-06-14,Лента.ру,В российском регионе раскрыли последствия атаки украинских дронов
44,2026-06-14,Лента.ру,Собянин сообщил об уничтожении летевших на Москву беспилотников
45,2026-06-14,Лента.ру,Названа причина гибели раненых солдат ВСУ в Сумской области
46,2026-06-14,Лента.ру,В Минобороны сделали заявление после ночной атаки ВСУ на российские регионы
47,2026-06-14,Лента.ру,В Госдуме назвали последствия заявления европейцев для возвращения российских хоккеистов
48,2026-06-14,Лента.ру,В США сделали предупреждение из-за атак на Россию
49,2026-06-14,Лента.ру,«Краматорск долго не продержится». Российские войска нанесли эффективные удары по украинским объектам беспилотниками и авиабомбами
50,2026-06-14,Лента.ру,Бразилия и Марокко сыграли вничью в матче чемпионата мира
51,2026-06-14,Лента.ру,Бразилия и Марокко сыграли вничью в матче чемпионата мира
52,2026-06-14,Лента.ру,Никас Сафронов отказался когда-либо писать портрет одного человека
53,2026-06-14,Лента.ру,«Результат распрей». Фон дер Ляйен заподозрили в причастности к возможной отставке Каллас
54,2026-06-14,Лента.ру,Лолита раскрыла необычный пункт в своем райдере
55,2026-06-14,Лента.ру,В трех районах российского региона сбили украинские беспилотники
56,2026-06-14,Лента.ру,В российском городе перекрыли трассу на Москву из-за атаки украинских дронов
57,2026-06-14,Лента.ру,В Киеве предрекли болезненные удары за атаки на Крым и трассу «Новороссия»
58,2026-06-14,Лента.ру,В российском регионе обломки БПЛА упали на территорию промпредприятия
59,2026-06-14,Лента.ру,Украина оказалась неспособна перехватывать российские баллистические ракеты
60,2026-06-14,Лента.ру,Раскрыты подробности по строительству «Силы Сибири-2»
61,2026-06-14,Лента.ру,Трамп пригрозил противникам США «дискомбобулятором»
62,2026-06-14,Лента.ру,Глава Пентагона высказался об исключении из ведомства передового ИИ
63,2026-06-14,Лента.ру,Альпинист погиб при падении в кратер спящего вулкана
64,2026-06-14,Лента.ру,Фон дер Ляйен заподозрили в причастности к ситуации с Каллас
65,2026-06-14,Лента.ру,В Евросоюзе разозлились из-за решения Зеленского
66,2026-06-14,Лента.ру,В России заявили о сохранении безвизового въезда для украинцев
67,2026-06-14,Лента.ру,«Россия ведет себя очень сдержанно». В Республике Сербской указали на большую мудрость Путина по отношению к Украине
68,2026-06-14,Лента.ру,Посол пожаловался на произвол банков Швейцарии против России
69,2026-06-14,Лента.ру,ВСУ атаковали беспилотниками еще два российских региона
70,2026-06-14,Лента.ру,Очевидцы сообщили об ударе беспилотника по жилому дому в Орле
71,2026-06-14,Лента.ру,Навроцкий выдвинул ультиматум Зеленскому
72,2026-06-14,Лента.ру,Некоторым россиянам напомнили о праве на две пенсии
73,2026-06-14,Лента.ру,На Западе предрекли жесткий ответ России на любые провокации со стороны Украины
74,2026-06-14,Лента.ру,В Израиле разозлились на Трампа из-за сделки с Ираном
75,2026-06-14,Лента.ру,В подконтрольном Киеву Запорожье после ударов авиабомб начались перебои со светом и водой
76,2026-06-14,Лента.ру,Европу предупредили о возможных последствиях одного шага против России
77,2026-06-14,Лента.ру,Названа распространенная уловка мошенников в период экзаменов
78,2026-06-14,Лента.ру,Лоза сравнил Ваню Дмитриенко с осьминогом
79,2026-06-14,Лента.ру,Аналитик призвал США объяснить цели биолабораторий на Украине
80,2026-06-14,Лента.ру,В России указали на недовольство поляков маниакальной поддержкой Украины со стороны власти
81,2026-06-14,Лента.ру,Генерал ВСУ предрек взятие под контроль российских войск Краматорска без боя
82,2026-06-14,Лента.ру,В Германии назвали утопией переговоры о вступлении Украины и Молдавии в ЕС
83,2026-06-14,Лента.ру,В Британии предупредили о генеральной репетиции новой пандемии
84,2026-06-14,Лента.ру,В МИД пообещали ответить на посягательства Польши на дипнедвижимость
85,2026-06-14,Лента.ру,На Западе предсказали полный крах Евросоюза при одном условии
86,2026-06-14,Лента.ру,Раскрыт самый выгодный срок вклада в июне
87,2026-06-14,Лента.ру,В США назвали удар ВСУ по Старобельску целенаправленным решением
88,2026-06-14,Лента.ру,В России предложили увеличить выплаты за сдачу крови
89,2026-06-14,Лента.ру,В ВСУ пожаловались на подход Сырского к формированию подразделений
90,2026-06-14,Лента.ру,Россиянам напомнили дату ближайшего нерабочего буднего дня
91,2026-06-14,Лента.ру,Украине предсказали сложный и долгий процесс вступления в ЕС
92,2026-06-14,Лента.ру,Херсонская область оказалась полностью обесточена
93,2026-06-14,Лента.ру,В США и Канаде начали набирать обороты сепаратистские инициативы
94,2026-06-14,Лента.ру,В МИД оценили вероятность встречи Путина и Трампа на саммите АТЭС
95,2026-06-14,Лента.ру,В одной стране рассказали о планах по закупке дизеля из России
96,2026-06-14,Лента.ру,В Израиле назвали плохим соглашение США и Ирана
97,2026-06-14,Лента.ру,Физик рассказал о правилах поведения при виде шаровой молнии
98,2026-06-14,Лента.ру,На Украине неизвестные открыли огонь по прохожим
99,2026-06-14,Лента.ру,Трамп анонсировал новую дату подписания соглашения с Ираном. Президент США обещал заключить сделку уже 37 раз
100,2026-06-14,Лента.ру,Зеленский оценил возможность Европы противостоять России без Украины
101,2026-06-14,Лента.ру,Сборная Катара вырвала ничью у Швейцарии на старте чемпионата мира
102,2026-06-14,Лента.ру,"14 июня: какой праздник отмечают в России и мире. 14 июня в России свой профессиональный праздник отмечают работники миграционной службы, во всем мире празднуют Международный день блогера и День донора крови. Христиане вспоминают более десяти святых. Какие еще праздники отмечают 14 июня в России и других странах — в материале «Ленты.ру».<br />"
103,2026-06-13,Лента.ру,На Украине мужчина умер после попытки незаконной мобилизации
104,2026-06-13,Лента.ру,Стало известно об огромных доходах западных магнатов на Украине
105,2026-06-13,Лента.ру,В Бразилии женщина погибла во время прыжка с канатом из-за ошибки организаторов
106,2026-06-13,Лента.ру,Кот сорвал финал спектакля «Ромео и Джульетты» и стал звездой
107,2026-06-13,Лента.ру,Часть Запорожской области оказалась обесточена
108,2026-06-13,Лента.ру,Иран заминировал входы в подземные хранилища с обогащенным ураном
109,2026-06-13,Лента.ру,Пленный из ВСУ рассказал о желании Сумской области присоединиться к России
110,2026-06-13,Лента.ру,В США раскрыли желания Запада в отношении России
111,2026-06-13,Лента.ру,Зарубин показал неизвестные кадры встречи Путина со штурмовиками
112,2026-06-13,Лента.ру,Российский сенатор заявил о превращении Украины в полигон для научных экспериментов Запада
113,2026-06-13,Лента.ру,Число погибших в ДТП под Одинцово увеличилось
114,2026-06-13,Лента.ру,Российские войска нанесли удары авиабомбами по местам дислокации ВСУ под Краматорском
115,2026-06-13,Лента.ру,Овечкин раскрыл любимую команду на чемпионате мира по футболу 2026 года
116,2026-06-13,Лента.ру,На Западе сообщили об отсутствии в планах Трампа встречи с Зеленским на саммите G7
117,2026-06-13,Лента.ру,В Северном море потерял ход пассажирский паром
118,2026-06-13,Лента.ру,ВСУ нанесли рекордное количество ударов по Энергодару в День России
119,2026-06-13,Лента.ру,Раскрыто состояние пострадавших в ДТП с маршруткой в Одинцово
120,2026-06-13,Лента.ру,Венгрия согласилась на начало переговоров о вступлении Украины в ЕС
121,2026-06-13,Лента.ру,Из-за атаки ВСУ пострадали девочка и ее мать
122,2026-06-13,Лента.ру,Худрук российского драмтеатра погиб в ДТП
123,2026-06-13,Лента.ру,Стало известно о серьезной проблеме украинских военных
124,2026-06-13,Лента.ру,Российские войска взяли под контроль 172 здания в Константиновке
125,2026-06-13,Лента.ру,В МИД России высказались о наказании для Киева за удар по Старобельску
126,2026-06-13,Лента.ру,Путин успокоил взволнованного участника СВО
127,2026-06-13,Лента.ру,Додик указал на большую мудрость Путина по Украине
128,2026-06-13,Лента.ру,Назван самый вероятный счет в матче чемпионата мира между Бельгией и Египтом
129,2026-06-13,Лента.ру,Владельцем выпускающей БПЛА Hornet для атак на Россию фирмы оказался экс-глава Google
130,2026-06-13,Лента.ру,Армянский оппозиционер Царукян подал в суд на Пашиняна и национальное телевидение
131,2026-06-13,Лента.ру,Трамп отказался предоставить Ирану деньги от США
132,2026-06-13,Лента.ру,Несколько человек пострадали при атаке ВСУ на рынок в ЛНР
133,2026-06-13,Лента.ру,На Украине отвергли обвинения в разработке биологического оружия
134,2026-06-13,Лента.ру,Стало известно о строительстве правительством Орбана тайного лагеря для нелегалов
135,2026-06-13,Лента.ру,В Подмосковье загорелся хостел
136,2026-06-13,Лента.ру,Имя Трампа убрали с фасада Кеннеди-центра
137,2026-06-13,Лента.ру,В Иране опровергли названную Трампом дату подписания соглашения
138,2026-06-13,Лента.ру,Раскрыты подробности массированного налета ВСУ на российские регионы
139,2026-06-13,Лента.ру,Трамп заявил о лучших отношениях США и Ирана
140,2026-06-13,Лента.ру,Путин объяснил назначение Белоусова на пост главы Минобороны
141,2026-06-13,Лента.ру,Появились новые подробности о краже экипировки сборной Англии на чемпионате мира
142,2026-06-13,Лента.ру,Москву после недельной жары накрыл мощный ливень с грозой
143,2026-06-13,Лента.ру,Стая собак набросилась на девушку с питомцем в российском регионе и попала на видео
144,2026-06-13,Лента.ру,Латвия решила защититься от залетающих в страну дронов с помощью «секретного решения»
145,2026-06-13,Лента.ру,Трамп назвал новую дату подписания соглашения между Ираном и США
146,2026-06-13,Лента.ру,Контингент НАТО в Косово решили сократить
147,2026-06-13,Лента.ру,Предсказано количество голов сборной Испании в ворота Кабо-Верде на чемпионате мира
148,2026-06-13,Лента.ру,На блогера MrBeast подписалась шестнадцатая часть населения Земли
149,2026-06-13,Лента.ру,Кандидат на пост мэра Кракова опубликовала провокационное видео с украинским флагом
150,2026-06-13,Лента.ру,Стало известно о возможной передаче новых российских ракет Ирану
151,2026-06-13,Лента.ру,Лимиты на продажу бензина ввели на заправках крупного российского региона
152,2026-06-13,Лента.ру,ФИФА попросила сборную Египта поменять форму перед чемпионатом мира
153,2026-06-13,Лента.ру,Выросло число жертв ДТП под Москвой
154,2026-06-13,Лента.ру,40-летняя звезда «Папиных дочек» Мирослава Карпович показала внешность 29-летнего мужа
155,2026-06-13,Лента.ру,Обувь гостьи на свадьбу подруги прозвали ботинками пенсионерок в сети
156,2026-06-13,Лента.ру,США забеспокоились из-за беспилотников и террористов-одиночек во время чемпионата мира
157,2026-06-13,Лента.ру,Стало известно о скорой встрече Трампа с Зеленским
158,2026-06-13,Лента.ру,Найдено объяснение легкому вовлечению мошенниками подростков в преступления
159,2026-06-13,Лента.ру,Стало известно о присутствии в Старобельске американского разведчика в момент атаки ВСУ
160,2026-06-13,Лента.ру,Трехлетний ребенок едва не утонул в бассейне российского загородного комплекса
161,2026-06-13,Лента.ру,Чемпион мира отреагировал на насмешку главы ФИФА над сборной Италии
162,2026-06-13,Лента.ру,Топливный союз заявил об отсутствии ограничений на продажу бензина в Москве
163,2026-06-13,Лента.ру,Раскрыты приводящие к летней бессоннице факторы
164,2026-06-13,Лента.ру,В Крыму произошла авария на химзаводе
165,2026-06-13,Лента.ру,Канье Уэст показал обнаженное фото жены
166,2026-06-13,Лента.ру,В Раде раскрыли схему заработка Киева на снарядах
167,2026-06-13,Лента.ру,Страны НАТО организуют «Отважного кабана» у границы с Белоруссией
168,2026-06-13,Лента.ру,Скрытно перемещавшихся по Константиновке солдат ВСУ уничтожили дронами
169,2026-06-13,Лента.ру,Президент Бразилии обратился к игрокам сборной и Анчелотти перед стартом команды на ЧМ
170,2026-06-13,Лента.ру,Женатый мужчина завел трех любовниц и выманил у них 90 миллионов рублей
171,2026-06-13,Лента.ру,ВС России уничтожили пункты дислокации ВСУ в Сумах
172,2026-06-13,Лента.ру,Половину украинских штурмовиков захотели набрать из наемников-иностранцев
173,2026-06-13,Лента.ру,Мелони нашла переговорщика по Украине с Россией
174,2026-06-13,Лента.ру,ВСУ ударили по транспортному цеху ЗАЭС
175,2026-06-13,Лента.ру,13 человек пострадали в ДТП под Москвой
176,2026-06-13,Лента.ру,В МИД высказались о ядерном оружии России в Белоруссии
177,2026-06-13,Лента.ру,Подростки убили 15-летнюю девочку в российском регионе
178,2026-06-13,Лента.ру,Страна НАТО дважды поднимала в воздух истребители для сопровождения российских самолетов
179,2026-06-13,Лента.ру,Макрону и Мерцу предсказали смещение с власти
180,2026-06-13,Лента.ру,Снаряд поразил танкер у берегов Омана
181,2026-06-13,Лента.ру,Мостовой сделал прогноз на матч Бразилии с Марокко на ЧМ-2026
182,2026-06-13,Лента.ру,Ребенок пропал во время отдыха с родителями на российском острове
183,2026-06-13,Лента.ру,14-летнего подростка зарезали из-за пакета с продуктами в российском регионе
184,2026-06-13,Лента.ру,Названы сроки окончательного оформления мирного соглашения между США и Ираном
185,2026-06-13,Лента.ру,Российский каноист стал чемпионом Европы
186,2026-06-13,Лента.ру,Детская прическа стала трендом у женщин летом
187,2026-06-13,Лента.ру,В МИД заявили о пытающихся настроить АТЭС против России странах Запада
188,2026-06-13,Лента.ру,Верховного лидера Ирана похоронят спустя четыре месяца после гибели
189,2026-06-13,Лента.ру,Врач предупредил россиян о четырех тревожных сигналах проблем с сердцем
190,2026-06-13,Лента.ру,Украинские военные столкнулись с нехваткой ракет для Patriot
191,2026-06-13,Лента.ру,Путин высказался о ходе СВО
192,2026-06-13,Лента.ру,Россиянам рекомендовали скрыть геометки и закрыть профили в соцсетях
193,2026-06-13,Лента.ру,В Пекине заявили о сближении с Тайванем
194,2026-06-13,Лента.ру,Российская бильярдистка в 16-й раз стала чемпионкой мира
195,2026-06-13,Лента.ру,Эмили Ратаковски раскритиковали из-за откровенной съемки с куклой-младенцем
196,2026-06-13,Лента.ру,Бывший коллега пообещал довести российскую ведущую до суицида из-за отказа сотрудничать
197,2026-06-13,Лента.ру,Появились подробности расправы над многодетной матерью под Москвой
198,2026-06-13,Лента.ру,Путин дал поручение по новым регионам России
199,2026-06-13,Лента.ру,Путин дал поручение по новым регионам России
200,2026-06-13,Лента.ру,Фотосессия 18-летней дочери Миллы Йовович в прозрачном платье взорвала соцсети
201,2026-06-14,РИА Новости,"Израиль заявил о нанесении ударов по целям ""Хезболлы"" в пригороде Бейрута"
202,2026-06-14,РИА Новости,"Москалькова рассказала, как проходили переговоры с Киевом"
203,2026-06-14,РИА Новости,"В Армении задержали мужчину, осквернившего мемориал городов-героев ВОВ"
204,2026-06-14,РИА Новости,"""Сильная Армения"" ожидает рассмотрения заявления по выборам в воскресенье"
205,2026-06-14,РИА Новости,"Сперцян признан лучшим футболистом ""Краснодара"" по итогам сезона"
206,2026-06-14,РИА Новости,"Путин пожелал удачи российским бойцам, продвигающимся к Запорожью"
207,2026-06-14,РИА Новости,В Карелии нашли тело пропавшего ребенка
208,2026-06-14,РИА Новости,"""Привел домой и спустил в подвал"". Странная история любви Йоханнеса Клебо"
209,2026-06-14,РИА Новости,В Московском зоопарке появилось на свет около 200 редких бабочек
210,2026-06-14,РИА Новости,Сенегалу запретили играть на ЧМ-2026 со звездой на форме
211,2026-06-14,РИА Новости,Монтгомери завоевала первый титул WTA после снятия Крейчиковой
212,2026-06-14,РИА Новости,"ФИФА заплатит гонорар арбитру из Сомали, которого не пустили на ЧМ в США"
213,2026-06-14,РИА Новости,Россиянка Силкина завоевала серебро молодежного ЧЕ по скалолазанию
214,2026-06-14,РИА Новости,"Штурмовые группы ВСУ несут потери в Сумской области, сообщил источник"
215,2026-06-14,РИА Новости,В Москве прошел автопробег в знак солидарности с Кубой
216,2026-06-14,РИА Новости,Генконсул во Франции рассказал о работе по защите российской собственности
217,2026-06-14,РИА Новости,Путин примет участие в саммите Россия — АСЕАН в Казани
218,2026-06-14,РИА Новости,В четырех селах Крымского района Кубани ввели режим ЧС из-за разлива реки
219,2026-06-14,РИА Новости,Российские штурмовики наступают в районах Красного Лимана
220,2026-06-14,РИА Новости,На Украине образовались длинные очереди из желающих выехать из страны
221,2026-06-14,РИА Новости,"В Курской области украинский дрон атаковал автомобиль, пострадал мужчина"
222,2026-06-14,РИА Новости,Артиллеристы уничтожили два пункта управления БПЛА ВСУ в Константиновке
223,2026-06-14,РИА Новости,ПВО сбила 483 украинских БПЛА за сутки
224,2026-06-14,РИА Новости,ВС России освободили 117 зданий в Константиновке за сутки
225,2026-06-14,РИА Новости,"ВСУ потеряли более 280 боевиков в зоне действий ""Центра"" за сутки"
226,2026-06-14,РИА Новости,ВС России поразили объекты топливно-энергетической инфраструктуры ВСУ
227,2026-06-14,РИА Новости,В Красном Лимане освободили 37 зданий за сутки
228,2026-06-14,РИА Новости,"ВСУ за сутки потеряли до 40 военных в зоне действий ""Днепра"""
229,2026-06-14,РИА Новости,ВС России проводят поиск отдельных разрозненных групп ВСУ в Красном Лимане
230,2026-06-14,РИА Новости,"ВСУ за сутки потеряли до 150 военных в зоне действий ""Юга"""
231,2026-06-14,РИА Новости,ВС России вышли на северо-западные окраины Красного Лимана в ДНР
232,2026-06-14,РИА Новости,Четыре представителя сборной Ирана выиграли апелляции по визам в США на ЧМ
233,2026-06-14,РИА Новости,"ВСУ за сутки потеряли свыше 460 военных в зоне действий ""Востока"""
234,2026-06-14,РИА Новости,Российские штурмовики ведут активное наступление в Константиновке
235,2026-06-14,РИА Новости,"ВСУ за сутки потеряли более 210 военных в зоне действий ""Запада"""
236,2026-06-14,РИА Новости,Действия ВС России вынудили Киев эвакуировать предприятия из Краматорска
237,2026-06-14,РИА Новости,"ВСУ за сутки потеряли до 210 военных в зоне действий ""Севера"""
238,2026-06-14,РИА Новости,Минздрав рассказал о состоянии пострадавших от атаки ВСУ в Старобельске
239,2026-06-14,РИА Новости,Обвиняемый в убийстве жены в Домодедово признал вину
240,2026-06-14,РИА Новости,В Орле жителей атакованного беспилотником дома доставили в ПВР
241,2026-06-14,РИА Новости,ЦАХАЛ может прекратить наступление в Ливане в рамках соглашения США и Ирана
242,2026-06-14,РИА Новости,Сургутский район Югры принимает Кубок России по фиджитал-спорту
243,2026-06-14,РИА Новости,В Крыму во время ночной атаки украинских БПЛА погибла пожилая женщина
244,2026-06-14,РИА Новости,В Молдавии обвинили власти в продвижении ЛГБТ*-повестки
245,2026-06-14,РИА Новости,"Пушилин рассказал, когда основатель Pink Floyd сможет выступить в ДНР"
246,2026-06-14,РИА Новости,"""Вас предупреждали"". Произошедшее на Украине шокировало Запад"
247,2026-06-14,РИА Новости,Движение транспорта из Ярославля в сторону Москвы восстановили
248,2026-06-14,РИА Новости,Коровашков завоевал серебро ЧЕ на дистанции 500 метров среди каноэ-одиночек
249,2026-06-14,РИА Новости,"День героев Отечества в России: какого числа, история и традиции праздника"
250,2026-06-14,РИА Новости,Путин поздравил Елену Сафонову с юбилеем
251,2026-06-14,РИА Новости,Путин поздравил Сокурова с 75-летием
252,2026-06-14,РИА Новости,В Курской области при ударах БПЛА пострадали две женщины
253,2026-06-14,РИА Новости,В Запорожье критическую инфраструктуру перевели на резервные источники
254,2026-06-14,РИА Новости,Тульский губернатор рассказал о последствиях атаки украинских БПЛА
255,2026-06-14,РИА Новости,"Российские военные ""Геранями"" поразили пункт управления дронами ВСУ в ДНР"
256,2026-06-14,РИА Новости,Дмитриев прокомментировал задержание танкера в Ла-Манше
257,2026-06-14,РИА Новости,"Переговорщики от Катара вылетели в Тегеран, пишут СМИ"
258,2026-06-14,РИА Новости,ВСУ атаковали территорию Белгородской области 55 раз за сутки
259,2026-06-14,РИА Новости,"Британия задержала в Ла-Манше нефтяной танкер, вышедший из Усть-Луги"
260,2026-06-14,РИА Новости,Румыния подняла в воздух два истребителя у границы с Украиной из-за дронов
261,2026-06-14,РИА Новости,В Запорожской области прогремели новые взрывы
262,2026-06-14,РИА Новости,ВС России уничтожили мобильную позицию запуска ударных БПЛА ВСУ
263,2026-06-14,РИА Новости,Володин: Госдума усилила защиту прав граждан от перепродажи ж/д билетов
264,2026-06-14,РИА Новости,Анохин рассказал об успехах экспортной деятельности Смоленской области
265,2026-06-14,РИА Новости,Над Рязанской областью сбили пять украинских беспилотников
266,2026-06-14,РИА Новости,В Орле один человек погиб и девять пострадали после удара БПЛА по дому
267,2026-06-14,РИА Новости,На границе Казахстана с Россией образовалось скопление грузовиков
268,2026-06-14,РИА Новости,Движение транспорта из Ярославля в сторону Москвы снова перекрыли
269,2026-06-14,РИА Новости,Названы самые востребованные у россиян слитки золота
270,2026-06-14,РИА Новости,В Аптекарском огороде зацвела лесная лилия
271,2026-06-14,РИА Новости,"В Москве 12 животных нашли новый дом благодаря выставке ""Пушистый хвост"""
272,2026-06-14,РИА Новости,"Ученый рассказал, что притягивает шаровые молнии"
273,2026-06-14,РИА Новости,В Германии выступили со срочным призывом в отношении России
274,2026-06-14,РИА Новости,"Москалькова рассказала, как обезопасить себя от мошенников"
275,2026-06-14,РИА Новости,В Даниловском районе в Москве обновят дом 1929 года постройки
276,2026-06-14,РИА Новости,Роскачество проверит детские конструкторы
277,2026-06-14,РИА Новости,В Нью-Йорке баскетбольные фанаты разгромили несколько автобусов
278,2026-06-14,РИА Новости,Синоптик рассказал о погоде в Москве в воскресенье
279,2026-06-14,РИА Новости,Австралиец Иранкунда признан лучшим игроком матча ЧМ-2026 против Турции
280,2026-06-14,РИА Новости,Над Курской областью сбили около 170 украинских дронов за сутки
281,2026-06-14,РИА Новости,Ученые нашли новый подход к лечению малярии
282,2026-06-14,РИА Новости,"Глава Румынии утвердил указ о получении военного кредита SAFE, пишут СМИ"
283,2026-06-14,РИА Новости,Лантратова помогла участнику СВО уволиться из армии после ранения
284,2026-06-14,РИА Новости,Над Калужской областью сбили пять беспилотников
285,2026-06-14,РИА Новости,В Темрюкском районе ликвидировали возгорание на морском терминале
286,2026-06-14,РИА Новости,Турция сенсационно проиграла Австралии на старте ЧМ-2026
287,2026-06-14,РИА Новости,Депутат Рады сделал заявление о Зеленском после произошедшего в Британии
288,2026-06-14,РИА Новости,"Все округа Херсонской области обесточены, сообщил Сальдо"
289,2026-06-14,РИА Новости,Бразильский посол рассказал о шансах сборной на ЧМ-2026
290,2026-06-14,РИА Новости,В Смоленской области при падении обломков БПЛА пострадала пожилая женщина
291,2026-06-14,РИА Новости,В подмосковном Одинцове завели дело после гибели трех человек в ДТП
292,2026-06-14,РИА Новости,В ассоциации цифровых платформ рассказали о рынке маркетплейсов в России
293,2026-06-14,РИА Новости,Каждый пятый россиянин не готов отказаться от пластиковой посуды
294,2026-06-14,РИА Новости,В Нью-Йорке полиция разгоняет перекрывших движение баскетбольных фанатов
295,2026-06-14,РИА Новости,В Южной Корее рассказали о подорожании популярного супа из собачьего мяса
296,2026-06-14,РИА Новости,В Запорожской области прогремели взрывы
297,2026-06-14,Ведомости,Минобороны заявило об эвакуации предприятий в Краматорске и Дружковке
298,2026-06-14,Ведомости,Швейцарцы в ходе референдума отклонили лимит на число жителей
299,2026-06-14,Ведомости,Путин поздравил Сокурова с 75-летием
300,2026-06-14,Ведомости,Москалькова рассказала об эмоциональных переговорах с Украиной
301,2026-06-14,Ведомости,В Краснодарском крае ввели режим ЧС после прорыва дамбы. Режим объявлен в четырех сельских поселениях Крымского района
302,2026-06-14,Ведомости,Развожаев: Севастополь готовит новые системы защиты от дронов ВСУ на море
303,2026-06-14,Ведомости,На следующей неделе Путин примет участие в саммите Россия – АСЕАН. В графике президента также двусторонние встречи с лидерами стран Юго-Восточной Азии
304,2026-06-14,Ведомости,На границе Казахстана и России скопилась очередь из фур
305,2026-06-14,Ведомости,Российские военные вышли к северо-западным окраинам Красного Лимана
306,2026-06-14,Ведомости,В Ярославле возобновили движение в сторону Москвы после атаки БПЛА
307,2026-06-14,Ведомости,Дмитриев: Стармер словами о задержании танкера отвлекает от проблемы мигрантов
308,2026-06-14,Ведомости,В ФРГ призвали к экстренным переговорам с Москвой
309,2026-06-14,Ведомости,"В Орле один человек погиб, восемь пострадали при атаке БПЛА"
310,2026-06-14,Ведомости,Выезд из Ярославля в сторону Москвы перекрыли из-за атаки БПЛА
311,2026-06-14,Ведомости,Титов: Китай увеличил экспорт качественных лекарств в Россию
312,2026-06-14,Ведомости,Суд в Армении утвердил аннулирование голосов ЦИК на двух участках
313,2026-06-14,Ведомости,В аэропортах Краснодарского края задерживаются более 40 рейсов
314,2026-06-14,Ведомости,В США потерпел крушение военный истребитель
315,2026-06-14,Ведомости,Сальдо: все округа Херсонской области полностью или частично обесточены
316,2026-06-14,Ведомости,В ЕС увидели попытку фон дер Ляйен урезать полномочия Каллас
317,2026-06-14,Ведомости,В Нью-Йорке начались беспорядки после победы «Никс» в чемпионате НБА
318,2026-06-14,Ведомости,"Титов: вопрос с «Силой Сибири-2» решится скоро. Необходимо определиться с техническими аспектами, включая логистику"
319,2026-06-14,Ведомости,МИД объяснил сохранение безвиза для украинцев
320,2026-06-14,Ведомости,Хегсет назвал правильным изгнание Anthropic из Пентагона
321,2026-06-14,Ведомости,Ynet: в Израиле раскритиковали сделку США с Ираном
322,2026-06-14,Ведомости,Собянин: на подлете к Москве сбили четыре БПЛА
323,2026-06-14,Ведомости,Трамп пообещал «дискобомбулировать» противников США
324,2026-06-14,Ведомости,Силы ПВО за ночь сбили 249 украинских беспилотников
325,2026-06-14,Ведомости,МИД РФ предупредил об ответственности за изъятие дипсобственности в Польше
326,2026-06-13,Ведомости,Худрук новороссийского театра Евгений Кушпель погиб в ДТП
327,2026-06-13,Ведомости,BFMTV: представители США и Ирана встретятся в Швейцарии на следующей неделе
328,2026-06-13,Ведомости,Глобальная профилактика ВИЧ резко сократилась из-за урезания поддержки Трампом
329,2026-06-13,Ведомости,WSJ: власти США заблокировали ИИ Anthropic после сигнала Amazon об угрозах
330,2026-06-13,Ведомости,В больницах остаются 19 пострадавших в ДТП с маршруткой в Подмосковье
331,2026-06-13,Ведомости,Силы ПВО уничтожили 109 беспилотников над регионами России
332,2026-06-13,Ведомости,В Москве и Подмосковье объявили оранжевый уровень опасности из-за дождя
333,2026-06-13,Ведомости,FT назвала вспышку Эболы в Конго «генеральной репетицией» новой пандемии
334,2026-06-13,Ведомости,MrBeast первым в мире преодолел отметку в 500 млн подписчиков на YouTube
335,2026-06-13,Ведомости,Швеция подняла в воздух истребители на перехват российских Су-24 и Су-34
336,2026-06-13,Ведомости,Венгрия и Украина подписали соглашение о правах венгерской общины в Закарпатье
337,2026-06-13,Ведомости,В Татарстане ввели лимиты на продажу топлива после атаки БПЛА
338,2026-06-13,Ведомости,"Орбана переизбрали лидером партии «Фидес». Партии необходимо измениться, чтобы стать эффективной оппозицией, заявил он"
339,2026-06-13,Ведомости,В Лондоне прошел военный парад в честь дня рождения Карла III
340,2026-06-13,Ведомости,Семь человек пострадали при атаке ВСУ на центральный рынок в Сватово
341,2026-06-13,Ведомости,Reuters: Трамп и Зеленский проведут встречу на саммите G7 во Франции
342,2026-06-13,Ведомости,В Казахстане могут ввести штрафы за нецензурную брань в интернете
343,2026-06-13,Ведомости,В аэропортах «Домодедово» и Калуги сняли ограничения на полеты
344,2026-06-13,Ведомости,Глава МАГАТЭ Гросси вновь выразил обеспокоенность в связи с обстрелами ЗАЭС
345,2026-06-13,Ведомости,Скотт Риттер рассказал об атаке БПЛА на Старобельск в момент его приезда
346,2026-06-13,Ведомости,"Один человек погиб, 12 пострадали в ДТП с участием маршрутки в Одинцове"
347,2026-06-13,Ведомости,Шестерых граждан Грузии осудили в Париже за кражу книг русских классиков
348,2026-06-13,Ведомости,Собянин сообщил об уничтожении двух БПЛА над подлете к Москве
349,2026-06-13,Ведомости,«Внуково» принимает и отправляет рейсы по согласованию
350,2026-06-13,Ведомости,Армия Израиля за сутки поразила более 70 целей «Хезболлы» в Ливане
351,2026-06-13,Ведомости,ВСУ атаковали транспортный цех Запорожской АЭС. Сохраняется высокая угроза повторных атак
352,2026-06-13,Ведомости,Лавров 14–15 июня посетит Минск с рабочим визитом
353,2026-06-13,Ведомости,Лавров: российское ядерное оружие в Белоруссии создает противовес Украине и НАТО
354,2026-06-13,Ведомости,Премьер Пакистана: США и Иран подпишут соглашение в течение 24 часов
355,2026-06-13,Ведомости,ВМС Великобритании сообщили об обстрелянном у берегов Омана танкере
356,2026-06-13,Ведомости,"Путин расширил перечень категорий, которым помогает фонд «Защитники Отечества»"
357,2026-06-13,Ведомости,Мадьяр: правительство Орбана обманывало избирателей по вопросу миграции
358,2026-06-13,Ведомости,Похороны Али Хаменеи пройдут с 4 по 9 июля
359,2026-06-13,Ведомости,В «Домодедово» ввели временные ограничения на полеты
360,2026-06-13,Ведомости,Налоговые доходы Донбасса и Новороссии выросли на 22% за год
361,2026-06-13,Ведомости,"В Ингушетии будут судить пособника террористов, напавших на «Крокус»"
362,2026-06-13,Ведомости,Путин заявил о стратегическом преимуществе ВС РФ в зоне спецоперации
363,2026-06-13,Ведомости,Европа готовится к сокращению военной поддержки от США
364,2026-06-13,Ведомости,Трамп заявил о ликвидации лидера венесуэльской банды Tren de Aragua
365,2026-06-13,Ведомости,Полиция задержала подозреваемых в краже бутс сборной Англии
366,2026-06-13,Ведомости,Правительство направит 5 млрд рублей на глюкометры для детей и беременных
367,2026-06-13,Ведомости,Израиль вновь наносит удары по югу Ливана
368,2026-06-13,Ведомости,Российские силы ПВО за сутки сбили 540 украинских дронов и 15 авиабомб
369,2026-06-13,Ведомости,"Объект в небе над Литвой оказался метеозондом, а не беспилотником. Из-за ложной тревоги в небо были подняты истребители НАТО"
370,2026-06-13,Ведомости,Пять человек погибли при крушении военного самолета в Индии
371,2026-06-13,Ведомости,В ОАЭ опровергли сообщения о разморозке иранских активов. В МИД арабской страны назвали данные Reuters ложными
372,2026-06-13,Ведомости,Трамп встретился с украинским боксером Усиком
373,2026-06-13,Ведомости,В Афганистане стянули военную технику в Герат на фоне протестов женщин
374,2026-06-13,Ведомости,На семи заправках в Севастополе возобновили продажу бензина без ограничений
375,2026-06-13,Ведомости,Число ДТП с мотоциклами в Москве сократилось на 10%
376,2026-06-13,Ведомости,Администрация Трампа заблокировала иностранный доступ к ИИ Anthropic
377,2026-06-13,Ведомости,США стали вдвое больше покупать российской обуви
378,2026-06-13,Ведомости,В аэропорту Армении задержали математика Вербицкого
379,2026-06-13,Ведомости,Россиян предупредили о рисках поездок в Чили
380,2026-06-13,Ведомости,С 2022 года госдолг Украины увеличился более чем на $110 млрд
381,2026-06-13,Ведомости,"США сбили иранские дроны над Ормузом, несмотря на прогресс в переговорах. Стороны готовятся подписать меморандум о взаимопонимании, Израиль не будет в нем участвовать"
382,2026-06-13,Ведомости,Движение по Крымскому мосту приостанавливали
383,2026-06-13,Ведомости,Россия заявила демарши США из-за блокировки делегатов G20
384,2026-06-13,Ведомости,Над Россией сбили 177 БПЛА за ночь
385,2026-06-13,Ведомости,Морской терминал загорелся на Кубани после атаки БПЛА
386,2026-06-12,Ведомости,"Аракчи: открытие Ормузского пролива войдет в будущий меморандум Ирана и США. Вашингтон, по его словам, должен будет пообещать отказаться от использования силы"
387,2026-06-12,Ведомости,Трампу разрешили организовать реслинг около Белого дома
388,2026-06-12,Ведомости,Пентагон опубликовал новые файлы из секретных материалов про НЛО
389,2026-06-12,Ведомости,Зеленский подписал закон об исключении русского из-под защиты языковой хартии
390,2026-06-12,Ведомости,Страны ЕС одобрили начало переговоров о приеме Украины и Молдавии в союз
391,2026-06-12,Ведомости,Башню Бурдж-Халифа в Дубае подсветили цветами флага России
392,2026-06-12,Ведомости,В доме экс-министра государственной безопасности ДНР Пинчука произошел взрыв
393,2026-06-12,Ведомости,Путин назначил Александра Матвеева руководителем канцелярии президента
394,2026-06-12,Ведомости,Рубио поздравил россиян с Днем России
395,2026-06-12,Ведомости,Новые санкции ЕС против рыбной промышленности РФ могут ударить по Германии
396,2026-06-12,Ведомости,Разведка США признала хранение опасных патогенов на Украине
397,2026-06-12,Ведомости,Китай заявил об обнаружении черепах и рыб со шпионскими датчиками
398,2026-06-12,Ведомости,Путин поздравил выдающихся деятелей с Днем России
399,2026-06-12,Ведомости,Путин увеличил штатную численность Вооруженных сил России
400,2026-06-12,Ведомости,МВФ одобрил новый транш Украине вопреки срыву налоговой реформы
401,2026-06-12,Ведомости,Путин дал совет недругам: «Никогда не воюйте с Россией»
402,2026-06-12,Ведомости,Путин рассказал о наращивании низкоорбитальной спутниковой группировки
403,2026-06-12,Ведомости,Путин: Россия одна противостоит коллективному Западу
404,2026-06-12,Ведомости,Путин: Россия ведет очень активную работу по развитию ИИ-дронов
405,2026-06-12,Ведомости,Путин: группировка ВС РФ в зоне спецоперации превышает 700 000 человек
406,2026-06-12,Ведомости,Путин в День России встретился с участниками спецоперации
407,2026-06-12,Ведомости,США и Иран могут подписать меморандум об урегулировании на следующей неделе
408,2026-06-12,Ведомости,В ближайшие двое суток в Москве и Подмосковье будут идти грозы
409,2026-06-12,Ведомости,Стармер на фоне ухода министра обороны снова заявил об отказе от увольнения
410,2026-06-12,Ведомости,Глава сил НАТО в Европе: Россия не ищет конфликта с альянсом
411,2026-06-12,Ведомости,Индия вызвала поверенного в делах США после атаки на судно у Омана
412,2026-06-12,Ведомости,Адаму Кадырову присвоили звание Героя Чеченской Республики
413,2026-06-12,Ведомости,Собянин сообщил об уничтожении еще трех беспилотников на подлете к Москве
414,2026-06-12,Ведомости,ЦИК Армении аннулировал итоги голосования на третьем участке
415,2026-06-12,Ведомости,МИД РФ: США развернули «охоту» на россиян в Таиланде
416,2026-06-12,Ведомости,ВСУ атаковали дронами здание администрации Энергодара
417,2026-06-12,Ведомости,Путин: все этапы более чем тысячелетнего пути России – это одно единое целое
418,2026-06-12,Ведомости,Умер один из ключевых представителей британского поп-арта Дэвид Хокни
419,2026-06-12,Ведомости,В Петербурге началось прощание с актрисой Людмилой Чурсиной
420,2026-06-12,Ведомости,Путин начал вручение Госпремий и медалей «Герой Труда»
421,2026-06-12,Ведомости,Аэропорт Пскова временно прекратил прием и отправку рейсов
422,2026-06-12,Ведомости,Путин поздравил патриарха Кирилла с Днем России
423,2026-06-12,Ведомости,ВС России взяли под контроль населенный пункт Приют в ДНР
424,2026-06-12,Ведомости,Цена на нефть Brent впервые с апреля 2026 года опустилась ниже $87 за баррель
425,2026-06-12,Ведомости,Рекордсмен мира совершил экстремальный прыжок с башни «Меркурий» в Москве
426,2026-06-12,Ведомости,Число пострадавших при атаке БПЛА на дом в Нижнекамске выросло до четырех
427,2026-06-12,Ведомости,Медведев ко Дню России опубликовал ИИ-ролик с европейскими политиками
428,2026-06-12,Ведомости,Алиев поздравил Путина и россиян с Днем России
429,2026-06-12,Ведомости,"JDD: Украина, ЕС и Британия выдвигают РФ неконструктивные требования по Украине"
430,2026-06-12,Ведомости,Politico: чиновники из Катара убедили Трампа отказаться от ударов по Ирану
431,2026-06-12,Ведомости,Axios раскрыл детали согласованного проекта соглашения США и Ирана
432,2026-06-12,Ведомости,Politico: Киев намерен запросить у союзников еще $20 млрд на вооружения
433,2026-06-12,Ведомости,В Польше потребовали от Киева отказаться от идеологии Бандеры для входа в ЕС
434,2026-06-12,Ведомости,Собянин сообщил об уничтожении 11-го беспилотника на подлете к Москве
435,2026-06-12,Ведомости,Washington Post поставила под сомнение статус Маска как первого триллионера
436,2026-06-12,Ведомости,Axios: Нетаньяху не был заранее уведомлен о заявлении Трампа по Ирану
437,2026-06-12,Ведомости,"Собянин: средства ПВО сбили еще три беспилотника, летевших на Москву"
438,2026-06-12,Ведомости,Беспилотник попал в жилой дом в Татарстане
439,2026-06-12,Ведомости,Скончалась старшая дочь короля Таиланда принцесса Пхатчара Киттияпха
440,2026-06-12,Ведомости,Трех шведов оштрафовали в Норвегии за брошенные через границу с Россией камни
441,2026-06-12,Ведомости,Суд оставил в силе пожизненный приговор по делу об убийстве Моторолы
442,2026-06-12,Ведомости,Лукашенко поздравил Путина с Днем России
443,2026-06-12,Ведомости,Средства ПВО за ночь уничтожили 231 украинский беспилотник над территорией РФ
444,2026-06-12,Ведомости,IPO SpaceX сделало Маска первым в истории триллионером
445,2026-06-12,Ведомости,Собянин: сбиты семь летевших на Москву БПЛА
446,2026-06-12,Ведомости,Росавиация ввела ограничения на работу девяти аэропортов
447,2026-06-12,Ведомости,Мэр Энергодара заявил о четырех атаках ВСУ на городскую медсанчасть
448,2026-06-12,Ведомости,Новым министром обороны Британии стал замглавы МВД Джарвис
449,2026-06-12,Ведомости,Чемпионат мира по футболу стартовал в Северной Америке
450,2026-06-12,Ведомости,Трамп: соглашение с Ираном может быть подписано уже на выходных
451,2026-06-11,Ведомости,Цена нефти Brent опустилась ниже $89 впервые с 17 апреля
452,2026-06-11,Ведомости,Новаку представили меры по насыщению российского топливного рынка
453,2026-06-11,Ведомости,ЦИК Армении аннулировал результаты голосования на двух участках
454,2026-06-11,Ведомости,Fars: Иран не согласовал текст мирного соглашения с США
455,2026-06-11,Ведомости,Трамп выдвинул кандидатуру прокурора Клейтона на пост директора нацразведки США
456,2026-06-11,Ведомости,МХАТ имени Горького подтвердил назначение Ларисы Вильясте на пост директора
457,2026-06-11,Ведомости,Авиакосмический салон «Макс» в 2026 году отменен. В прошлом году выставку тоже не проводили
458,2026-06-11,Ведомости,Мединский: ИИ не вступит в Союз писателей России
459,2026-06-11,Ведомости,OFAC продлил лицензию на операции с банками РФ для сделок в атомной отрасли
460,2026-06-11,Ведомости,Трамп отменил запланированные удары по Ирану. Политик пообещал скоро объявить время и место подписания мирной сделки
461,2026-06-11,Ведомости,Господдержка турбизнеса превысила 10 млрд рублей с начала 2026 года
462,2026-06-11,Ведомости,ООН осудила США за угрозы взять под контроль иранский остров Харк
463,2026-06-11,Ведомости,Минпромторг предложил перейти на реестровую модель для фармпроизводителей
464,2026-06-11,Ведомости,Власти Севастополя переименуют кинотеатр «Украина» после атаки ВСУ
465,2026-06-11,Ведомости,Минтранс предложил упростить регистрацию судов для иностранных владельцев
466,2026-06-11,Ведомости,Мадьяр впервые встретится с Фицо на саммите ЕС
467,2026-06-11,Ведомости,Испанский пилот поднял в воздух первый электросамолет на твердотельных батареях
468,2026-06-11,Ведомости,Парламент Италии поддержал идею поэтапной отмены санкций против России. Документ также содержит положения о продолжении поддержки Украины
469,2026-06-11,Ведомости,ЦБ: инфляция с устранением сезонности в мае продолжила снижаться
470,2026-06-11,Ведомости,Max начал тестировать комментарии в каналах
471,2026-06-11,Ведомости,Минфин пообещал проработать вопрос с порогом выручки по патентам
472,2026-06-11,Ведомости,Суд наложил арест на имущество фигурантов дела «Русагро» на 550 млрд рублей
473,2026-06-11,Ведомости,Российские войска установили контроль над восточной частью Константиновки в ДНР
474,2026-06-11,Ведомости,Медведев включил демографию и победу в спецоперации в число ключевых вызовов РФ
475,2026-06-11,Ведомости,Христианский блок ФРГ выступил за запрет шенгена для россиян
476,2026-06-11,Ведомости,Минздрав Ливана сообщил о росте числа жертв израильских ударов до 3711
477,2026-06-11,Ведомости,Reuters: Volkswagen уволит 19 000 сотрудников в 2026 году
478,2026-06-11,Ведомости,"ЦБ снизил официальный курс евро до 82,9 рубля"
479,2026-06-11,Ведомости,Суд признал корпоратив растратой средств фонда капремонта
480,2026-06-11,Ведомости,CNN: военные предупредили Трампа о высоких потерях при захвате острова Харк
481,2026-06-11,Ведомости,"Всемирный банк: рост мирового ВВП замедлится до 2,5% на фоне конфликта с Ираном. Средняя стоимость нефти будет на 36% выше уровня 2025 года"
482,2026-06-11,Ведомости,Елена Булукова покинула должность гендиректора МХАТ имени Горького. Этот пост заняла Лариса Вильясте
483,2026-06-11,Ведомости,Блок Карапетяна обратится в ЦИК с требованием аннулировать результаты выборов
484,2026-06-11,Ведомости,Европейские послы заявили о необходимости прямых переговоров между РФ и Украиной
485,2026-06-11,Ведомости,Акционеры «Циана» утвердили дивиденды за I квартал 2026 года
486,2026-06-11,Ведомости,Портфель заказов BrahMos превысил $5 млрд
487,2026-06-11,Ведомости,Около 50% родителей объясняют детям сложные темы с помощью видео
488,2026-06-11,Ведомости,Восстановление музея-панорамы в Севастополе может занять около пяти лет
489,2026-06-11,Ведомости,Таджикистан начал строительство IT-хаба с центром ИИ в Душанбе
490,2026-06-11,Ведомости,Центробанк запустил витрину данных обо всех ПИФах
491,2026-06-11,Ведомости,Россельхознадзор ограничит ввоз подкарантинной продукции из Армении. Ограничен будет и транзит через РФ в государства – члены ЕАЭС
492,2026-06-11,Ведомости,СПБ биржа допустила к торгам облигации МГКЛ
493,2026-06-11,Ведомости,В Брянской области 13 домов получили повреждения из-за атаки ВСУ
494,2026-06-11,Ведомости,Захарова: инициативы Запада по Украине не способствуют достижению прочного мира
495,2026-06-11,Ведомости,Бывшего первого замглавы Новосибирской области арестовали по статье о наркотиках
496,2026-06-11,Ведомости,ЕЦБ впервые с 2023 года повысил процентные ставки на 25 базисных пунктов
497,2026-06-14,РБК,"Сборная Англии в первый день на базе ЧМ столкнулась с угрозой торнадо. Английская команда базируется в Канзас-Сити, где вечером 13 июня метеорологи сообщили об угрозе торнадо и сильного шторма и призвали укрыться в безопасных зданиях. В итоге в районе базы команды прошла сильная гроза"
498,2026-06-14,РБК,"Последствия удара дрона по многоэтажному дому в Орле. Фото. Украинский беспилотник, который атаковал многоэтажный дом в Орле, был начинен поражающими элементами"
499,2026-06-14,РБК,"Дик Адвокат заявил, что Кюрасао «усложнит жизнь каждой команде» на ЧМ-26. Сборная Кюрасао под руководством Адвоката впервые в истории вышла на чемпионат мира. Команда располагается на 82-м месте в рейтинге ФИФА, ниже на ЧМ-2026 только Гаити (83) и Новая Зеландия (85)"
500,2026-06-14,РБК,"Дмитриев увидел в задержании Британией танкера попытку отвлечь внимание. Заявление Стармера о задержании в Ла-Манше танкера из российского теневого флота является попыткой отвлечь внимание от миграционного кризиса в Британии, счел Дмитриев"
501,2026-06-14,РБК,"Минобороны отчиталось о взятии за сутки 117 зданий в Константиновке. Российские военные заняли за сутки 117 зданий в населенном пункте Константиновка Донецкой народной республики (ДНР), украинская сторона потеряла до 90 военных"
502,2026-06-14,РБК,ЧС из-за прорыва дамбы на реке Кубань. ЧС из-за прорыва дамбы на реке Кубань
503,2026-06-14,РБК,"Al Araby узнал, что делегация Катара обсудит в Тегеране. Reuters писал, что катарские переговорщики уже прибыли в Тегеран для завершения соглашения, которое положит конец конфликту. По данным Al Araby, переговорщики также обсудят разморозку активов"
504,2026-06-14,РБК,"Путин поздравил Александра Сокурова и Елену Сафонову с юбилеями. Президент России Владимир Путин поздравил режиссера Александра Сокурова с 75-летним юбилеем, сообщает пресс-служба Кремля"
505,2026-06-14,РБК,"Капитан «Зенита» оценил свой дебют на ЧМ-2026. Дуглас Сантос уверенно сыграл против Марокко (1:1), став лидером команды по отборам, и заявил, что благодарен Богу за такой дебют. Футболист в 2024 году получил российский паспорт, но за сборную России так и не сыграл"
506,2026-06-14,РБК,В четырех поселках Краснодарского края ввели режим ЧС из-за прорыва дамбы. В Крымском районе Краснодарского края ввели режим ЧС из-за прорыва дамбы на реке Кубань
507,2026-06-14,РБК,"Politico рассказало о 24-часовом «вихре» перед ограничением для Anthropic. Politico рассказало о 24-часовом «вихре событий» в Белом доме, который привел к введению ограничений Anthropic для иностранцев — причиной стало предупреждение гендиректора Amazon Энди Джасси об угрозе национальной безопасности"
508,2026-06-14,РБК,"Военная операция на Украине. Онлайн. Президент России Владимир Путин 24 февраля 2022 года объявил о начале спецоперации по &laquo;демилитаризации&raquo; и &laquo;денацификации&raquo; Украины. Что происходит на 1572-й день операции, а также все самое важное о санкциях и других последствиях боевых действий"
509,2026-06-14,РБК,"Трамп поздравил «Нью-Йорк Никс» с чемпионством в НБА. «Нью-Йорк Никс» впервые за 53 года стал чемпионом НБА, обыграв в финальной серии «Сан-Антонио Сперс»"
510,2026-06-14,РБК,"В Самарской области объявили карантин из-за вспышки бруцеллеза. В Хворостянском районе Самарской области введены карантинные ограничения в связи с обнаружением на территории сельскохозяйственного производственного комплекса &laquo;Ольгинский&raquo; очага бруцеллеза, следует из приказа комитета ветеринарии региона"
511,2026-06-14,РБК,"Минобороны сообщило об эвакуации Украиной предприятий из Краматорска. Это связано с успешным продвижением российской армии. Ранее Economist писал, что украинские предприятия переносят в закарпатский город Перечин, инициатива носит название «Новый Краматорск»"
512,2026-06-14,РБК,"Российский каноист взял серебро на чемпионате Европы. Алексей Коровашков уступил на 500-метровке только олимпийскому чемпиону Фуксе. Россиянин отметил, что с трудом попал в финальный заезд из-за сильного ветра"
513,2026-06-14,РБК,На границе Казахстана и России возникла очередь из фур. Грузовики скопились на казахстанско-российской границе в пункте пропуска &laquo;Косак&raquo; в Павлодарской области в связи с сезонным ростом перевозок плодоовощной продукции
514,2026-06-14,РБК,"Пожилая жительница города Саки погибла при атаке БПЛА в Крыму. Пожилая жительница города Саки погибла при атаке дронов в Крыму, сообщил глава региона Сергей Аксенов в телеграм-канале"
515,2026-06-14,РБК,"Anduril предложила изменить систему контроля за экспортом вооружений США. Anduril предлагает ослабить экспортный контроль над вооружениями. По мнению гендиректора компании, стратегия массового и дешевого оружия для союзников более актуальна в контексте современных конфликтов"
516,2026-06-14,РБК,Беспилотник атаковал жилой дом в Орле. Беспилотник атаковал жилой дом в Орле
517,2026-06-14,РБК,"Би-би-си узнала, что в сборной Ирана оспорили отказ в визах США на ЧМ. Изначально США отказали в визе 15 представителям делегации сборной Ирана на ЧМ, среди которых президент Федерации футбола Ирана Мехди Тадж. Четыре человека смогли обжаловать это решение"
518,2026-06-14,РБК,"Две женщины получили ранения при атаках дронов на Курскую область. При атаках украинских дронов на Курскую область ранения получили две мирные жительницы, сообщил глава региона Александр Хинштейн"
519,2026-06-14,РБК,"Аэропорт Иваново восьмым за сутки ввел ограничения на полеты. В аэропорту Иваново (Южный) приостановили прием и выпуск рейсов, сообщила Росавиация в телеграм-канале"
520,2026-06-14,РБК,"После победы «Никс» в финале НБА на Манхэттене начались беспорядки. Видео. Команда «Нью-Йорк Никс» впервые за 53 года победила в финале НБА. Фанаты вышли на улицы Манхэттена, забирались на светофоры, автобусы и строительные леса, в толпе бросали бутылки"
521,2026-06-14,РБК,Суд в Армении отклонил иски по аннулированию голосов на двух участках. Административный суд Армении отклонил иски партии &laquo;Процветающая Армения&raquo; против решений Центральной избирательной комиссии о признании недействительными результатов голосования на двух избирательных участках
522,2026-06-14,РБК,"FT назвала саммит G7 проверкой «броманса» между Макроном и Трампом. Париж сделал все, чтобы не раздражать американского лидера, и рассчитывает на «схождение по важным вопросам», несмотря на напряженность, пишет FT"
523,2026-06-14,РБК,"Анчелотти оценил первый матч сборной Бразилии на ЧМ-2026. Анчелотти остался недоволен ничьей в матче со сборной Марокко. По его словам, первый тайм для бразильцев был сложным"
524,2026-06-14,РБК,"Развожаев анонсировал новые способы защиты при атаках беспилотников. Украина чувствует «всевластие», направляя БПЛА на цели в Севастополе, но это очень скоро закончится, заявил губернатор Михаил Развожаев. Он анонсировал новые меры защиты, которые позволят полностью обезопасить прибрежную зону"
525,2026-06-14,РБК,"Гросси заявил о готовности МАГАТЭ стать посредником между США и Ираном. МАГАТЭ готова стать посредником при проверке соблюдения потенциальных договоренностей между США и Ираном по ядерному вопросу, заявил Гросси, назвав участие агентства «очень важной формальностью»"
526,2026-06-14,РБК,"Может ли саммит G7 приблизить переговоры по Украине. Во Франции пройдет саммит «Большой семерки», на который прибудет и Дональд Трамп. Какие противоречия накопились у союзников и может ли эта встреча способствовать возобновлению переговоров по Украине, разбирался РБК"
527,2026-06-14,ТАСС,"Комбриг ВС РФ: для освобождения Константиновки город ""нарезали как пирог"". Российским войскам удалось пробить оборону ВСУ в районе тепличного комбината ""Перспектива"", после чего войска перерезали город по улице Леваневского и развили наступление в северном направлении, заняв завод ""Автостекло"", отметил генерал-майор Антон Грунис"
528,2026-06-14,ТАСС,"Титов: Киргизия успешно внедрила российскую цифровую платформу для малого бизнеса. Республика увеличила свои доходы в два раза, отметил председатель российской части Российско-Китайского Комитета дружбы, мира и развития"
529,2026-06-14,ТАСС,ВСУ ударили по больнице в Херсонской области. Повреждены два автомобиля скорой помощи
530,2026-06-14,ТАСС,В Херсонской области при атаках ВСУ пострадали 13 человек. Двое из них получили тяжелые ранения
531,2026-06-14,ТАСС,В четырех сельских поселениях Кубани из-за угрозы подтопления ввели режим ЧС. Спасатели откачивают воду с более 100 подтопленных территорий региона
532,2026-06-14,ТАСС,Экс-советник Меркель заявил о нехватке у Германии политического суверенитета. Эрих Вад назвал ошибкой зацикленность политики ФРГ на Украине
533,2026-06-14,ТАСС,Журова назвала серьезным сигналом беспорядки в Нью-Йорке во время ЧМ. После завершения финала плей-офф НБА фанаты сожгли в Нью-Йорке несколько школьных автобусов
534,2026-06-14,ТАСС,"Бойцы группировки ""Днепр"" подарили Путину шеврон и батальонные флаги. Речь идет о шевроне, с которым они освобождали населенные пункты Запорожской области в 2025 году"
535,2026-06-14,ТАСС,Игроки сборной Бразилии остались недовольны полем в матче ЧМ с марокканцами. Встреча завершилась со счетом 1:1
536,2026-06-14,ТАСС,"ЦАХАЛ атаковал цели ""Хезболлах"" в пригороде Бейрута. Израиль не потерпит обстрелов своей территории, отметили в канцелярия главы правительства еврейского государства Биньямина Нетаньяху"
537,2026-06-14,ТАСС,"""Страна"": на границе Украины и Польши образовалась очередь из машин и автобусов. По данным издания, речь идет о пункте пропуска ""Краковец"""
538,2026-06-14,ТАСС,Дмитриев: Стармер заявил о задержании танкера для отвлечения от проблем с мигрантами. Глава РФПИ прокомментировал публикацию газеты The Daily Telegraph о захвате британскими военными в проливе Ла-Манш танкера Smyrtos
539,2026-06-14,ТАСС,"Пропавшего в Карелии ребенка нашли мертвым. По предварительным данным, причиной смерти стало утопление в воде"
540,2026-06-14,ТАСС,В Липецкой области отменили воздушную опасность. Об этом сообщила пресс-служба ГУ МЧС по региону
541,2026-06-14,ТАСС,"Guardian: Киев выполнил лишь 15% согласованных с ЕС реформ. По данным газеты, решение о вступлении Украины в состав сообщества будет носить политический характер"
542,2026-06-14,ТАСС,"Экс-советник Меркель призвал Германию изменить политический курс по Украине. Вместе с тем Эрих Вад заметил, что наибольшую опасность представляют удары вглубь территории"
543,2026-06-14,ТАСС,"В Казани спасатели освободили от наручников ребенка и его бабушку. Мальчик нашел их на улице, принес домой и надел на руки себе и родственнице, инвалиду первой группы"
544,2026-06-14,ТАСС,"В Армении задержали мужчину, осквернившего мемориал ""Мать Армения"". По факту инцидента 11 июня было инициировано уголовное дело"
545,2026-06-14,ТАСС,"Пловец Корнев ни за кого не будет болеть на чемпионате мира по футболу. Турнир проходит в США, Канаде и Мексике и завершится 19 июля"
546,2026-06-14,ТАСС,"Rzeczpospolita: Навроцкий выдвинул Зеленскому ультиматум из-за героизации бандеровцев. По данным газеты, президент Польши намеренно откладывает финальное решение по лишению Владимира Зеленского Ордена Белого орла, чтобы продемонстрировать правящей коалиции, что предложение было выражено не на эмоциях"
547,2026-06-14,ТАСС,"Титов: российские вина могут появиться в магазинах США. Это возможно на фоне торговой политики администрации президента Соединенных Штатов Дональда Трампа и сокращения объема европейских вин на американском рынке, отметил спецпредставитель президента России по связям с международными организациями для достижения целей устойчивого развития"
548,2026-06-14,ТАСС,"Квартальнов рассказал, готов ли работать тренером до 70 лет. Ранее 60-летний специалист возглавил ярославский ""Локомотив"""
549,2026-06-14,ТАСС,"В МВД заявили о распространении практики вовлечения в преступления жертв мошенников. В министерстве отметили, что особую общественную опасность представляют многочисленные случаи вовлечения таких граждан в террористическую и диверсионную деятельность на территории России"
550,2026-06-14,ТАСС,"Пеллегрини раскритиковал Мадьяра за высказывания о Словакии. Президент республики отметил, что ""это нехорошая риторика"""
551,2026-06-14,ТАСС,"Комбриг ВС РФ назвал слабой сформированную по стандартам НАТО 156-ю бригаду ВСУ. Такой вывод сделали по действиям военных, указал генерал-майор Антон Грунис"
552,2026-06-14,ТАСС,"В Якутске тушат пожар на мусорном полигоне на площади 1,5 га. На месте происшествия задействована спецтехника, а также 15 человек личного состава"
553,2026-06-14,ТАСС,"Москалькова рассказала, как проходили переговоры с киевским режимом. Бывший уполномоченный по правам человека в РФ отметила, что они были эмоциональными и напряженными"
554,2026-06-14,ТАСС,"Стрелявший по прохожим в Киевской области оказался местным жителем. Мужчину задержали, сообщили в полиции"
555,2026-06-14,ТАСС,"В Тверской области из-за пожара в приюте погибли 19 собак. Из-за возгорания в Вышневолоцком приюте выгорели шесть вагончиков, где жили животные"
556,2026-06-14,ТАСС,Экс-советник Меркель призвал вернуться к переговорам по Украине. Эрих Вад предупредил о риске перерастания украинского конфликта в общеевропейский
557,2026-06-14,ТАСС,"В Таиланде заявили, что не дискриминируют туристов по национальному признаку. Пресс-секретарь МИД королевства Панидон Патчимсават прокомментировал предупреждение российского ведомства для граждан РФ об угрозе задержания в стране по запросу США"
558,2026-06-14,ТАСС,На Алтае из озера извлекли тела двух утонувших детей и мужчины. Заведено уголовное дело
559,2026-06-14,ТАСС,"Аргентина передала США список должников по алиментам для недопуска на ЧМ. Сборная Аргентины на чемпионате мира сыграет в одной группе с командами Австрии, Алжира и Иордании"
560,2026-06-14,ТАСС,В Домодедове арестовали обвиняемого в убийстве жены. В ходе ссоры мужчина нанес погибшей не менее двух ударов ножом в область грудной клетки
561,2026-06-14,ТАСС,ВС РФ уничтожили два пункта управления БПЛА ВСУ в Константиновке. Боевую задачу выполнили бойцы артиллеристы Южной группировки войск
562,2026-06-14,ТАСС,В аэропорту Нижнего Новгорода задерживаются пять рейсов. Это связано с действующими ограничениями в районе
563,2026-06-14,ТАСС,В Курской области при атаке дрона на автомобиль пострадал мужчина. Пострадавший получил акубаротравму и ожог правой кисти
564,2026-06-14,ТАСС,ВС РФ вынудили Киев начать эвакуацию предприятий из Краматорска и Дружковки. Этому поспособствовало продвижение российских военных
565,2026-06-14,ТАСС,"ВС РФ за сутки освободили 117 зданий в Константиновке. ВСУ потеряли до 90 военных, 3 бронеавтомобиля и 20 пикапов"
566,2026-06-14,ТАСС,"В Рязанской области отменили беспилотную опасность. Об этом сообщили в канале ""РСЧС Рязанская область"""
567,2026-06-14,ТАСС,"ВС РФ уничтожают заблокированные силы ВСУ в юго-западной части Константиновки. Боевые задачи выполняют штурмовые группы 3-й, 8-й армий и 3-го армейского корпуса"
568,2026-06-14,ТАСС,"ВС РФ поразили за сутки места хранения дальних беспилотников ВСУ. Цели уничтожили оперативно-тактической авиацией, ударными беспилотными летательными аппаратами, ракетными войсками и артиллерией"
569,2026-06-14,ТАСС,ВС РФ за сутки освободили 37 зданий в Красном Лимане. Противник потерял более 55 военных
570,2026-06-14,ТАСС,Путин на неделе примет участие в мероприятиях саммита Россия - АСЕАН. В графике российского лидера также есть большое количество двусторонних встреч с лидерами государств Юго-Восточной Азии
571,2026-06-14,ТАСС,ВС РФ наступают в садоводческом товариществе Красного Лимана. Штурмовые группы 25-й армии ведут активные наступательные действия в Заводском районе
572,2026-06-14,ТАСС,"Потери ВСУ за сутки составили порядка 1 350 военных в зоне СВО. От действий группировки войск ""Север"" противник потерял до 210 человек"
573,2026-06-14,ТАСС,Средства ПВО РФ сбили за сутки 483 беспилотника ВСУ. Противник также потерял 14 управляемых авиабомб
574,2026-06-14,ТАСС,"ВС РФ вышли на северо-западные окраины Красного Лимана. Российские войска установили контроль над Северным, Центральным, Коммунальным и Южным районами города"
575,2026-06-14,ТАСС,"Товарооборот Смоленской области увеличился на 5,3% в 2026 году. В структуре экспорта лидируют злаки, пластмассы, древесина и изделия из них, сообщил Василий Анохин"
576,2026-06-14,ТАСС,"В Челябинской области построят храм в память о погибших на заводе в Копейске. Он будет расположен возле парка ""Победа"""
577,2026-06-14,ТАСС,Трое пострадавших при атаке ВСУ на колледж в Старобельске остаются в больницах. Один из них находится в тяжелом состоянии
578,2026-06-14,ТАСС,В ДНР за неделю уничтожили 79 дронов ВСУ. Украина продолжает применять тактику комбинированных налетов на мирных граждан и инфраструктуру республики
579,2026-06-14,ТАСС,"В Румынии либералы назвали враждебным актом назначение премьера из своих рядов. Лидер Национал-либеральной партии Илие Боложан заявил, что выдвижение Вешти на пост главы кабинета нарушает принципы лояльного политического сотрудничества"
580,2026-06-14,ТАСС,"Астроном Язев назвал продолжительность самого длинного дня в году в Москве и Петербурге. В столице она составит 17 часов 33 минуты, в Санкт-Петербурге - 18 часов 50 минут, почти на 1,5 часа длиннее, сообщил ведущий научный сотрудник Института солнечно-земной физики СО РАН"
581,2026-06-14,ТАСС,В Крыму при ночной атаке дронов ВСУ погибла пожилая женщина. Власти окажут всю необходимую помощь ее семье
582,2026-06-14,ТАСС,Президент Румынии выдвинул нового кандидата в премьеры. Им стал либерал Адриан Вешти
583,2026-06-14,ТАСС,"Титов: американский бизнес хочет вернуться на российский рынок. Речь идет не только о восстановлении старых проектов, но и о наращивании нового сотрудничества"
584,2026-06-14,ТАСС,Атаковавший дом в Орле дрон ВСУ был начинен поражающими элементами. Жителей поврежденных квартир доставили в ПВР
585,2026-06-14,ТАСС,Путин поздравил Елену Сафонову с юбилеем. Президент отметил преданность искусству заслуженной артистки России
586,2026-06-14,ТАСС,Аэропорт Нижнего Новгорода принимает и отправляет рейсы по согласованию. Это связано с введением временных ограничений на использование воздушного пространства в районе
587,2026-06-14,ТАСС,Каноист Коровашков стал серебряным призером чемпионата Европы. Победителем заезда на 500 м стал чех Матин Фукса
588,2026-06-14,ТАСС,В Москве желтый уровень опасности будет действовать до вечера. В период до 21:00 мск в столице местами ожидается гроза с дождем
589,2026-06-14,ТАСС,Футболистам сборной Англии рекомендовали укрыться из-за угрозы торнадо в Канзасе. Тренировочная база английской национальной команды на время чемпионата мира располагается в штате Миссури
590,2026-06-14,ТАСС,В Москве разрешат примерить копии исторических платьев из фильмов на выставке. Экспозицию посвятят художникам кино по историческому костюму
591,2026-06-14,ТАСС,Путин поздравил Александра Сокурова с юбилеем. Президент РФ отметил преданное отношение кинорежиссера к искусству
592,2026-06-14,ТАСС,"В Мелитополе обнаружили останки двух бойцов Красной армии. При проведении строительный работ также нашли 61 патрон калибра 7,62 мм и фрагменты форменной одежды времен Великой Отечественной войны"
593,2026-06-14,ТАСС,В Ярославле возобновили прерванное из-за атаки БПЛА движение в сторону Москвы. В городе сняли ограничения на перекрестке Московского проспекта и Юго-Западной окружной дороги
594,2026-06-14,ТАСС,В Мелитополе огневые группы отразили атаку ударных дронов ВСУ. Несколько БПЛА сбили на подлете и непосредственно над городом
595,2026-06-14,ТАСС,В аэропорту Иванова ввели ограничения. Они необходимы для обеспечения безопасности полетов
596,2026-06-14,ТАСС,"Россияне выступят на чемпионате мира по конному спорту в Германии. По словам главного тренера сборной России Владимира Белецкого, россияне на августовском турнире в Ахене будут выступать только в конкуре"
597,2026-06-14,ТАСС,В Самарской области объявили карантин из-за вспышки бруцеллеза. Инфекцию нашли у крупного рогатого скота в одном из личных подсобных хозяйств
598,2026-06-14,ТАСС,"Армия Израиля потребовала от жителей 29 поселков на юге Ливана покинуть дома. Представитель армии Авихай Эдри отметил, что ""любой, кто находится вблизи боевиков, объектов или военной техники ""Хезболлах"", подвергает свою жизнь опасности"""
599,2026-06-14,ТАСС,"Делегация Катара обсудит в Тегеране разморозку активов и меморандум с США. Визит катарских дипломатов связан с внесением последних изменений в соглашение с Вашингтоном, сообщил источник телеканала"
600,2026-06-14,ТАСС,В курском приграничье при атаках ВСУ пострадали две женщины. У одной из них диагностировали слепое осколочное ранение правой голени
601,2026-06-14,ТАСС,"ABC: у Антарктиды не замерз участок моря размером с Францию. Ученые предполагают, что ледяной покров может больше не восстановиться"
602,2026-06-14,ТАСС,"Баскетбольные фанаты сожгли школьный автобус на Таймс-сквер в Нью-Йорке. Ранее ""Нью-Йорк"" обыграл ""Сан-Антонио"" и впервые с 1973 года стал чемпионом НБА"
603,2026-06-14,ТАСС,На Запорожье объекты критической инфраструктуры перевели на резервные источники. В регионе произошли отключения света из-за атак ВСУ
604,2026-06-14,ТАСС,"Repubblica: глава МО Италии угрожал отставкой из-за сокращения расходов на оборону. По данным газеты, Гуидо Крозетто и лидер ""Лиги"" - вице-премьер и министр транспорта и по инфраструктурам Маттео Сальвини возражают против не только участия Рима в программе закупок вооружений у США для Украины, но и экономического займа у ЕС на оборонные цели SAFE"
605,2026-06-14,ТАСС,"В ГУ МВД по Москве назвали признаки влияния экстремистов на ребенка. Ими стали скрытность, удаление переписок, агрессивные высказывания и интерес к запрещенной символике"
606,2026-06-14,ТАСС,"Тренер Квартальнов рассказал, над чем нужно работать ""Локомотиву"". По мнению специалиста, ярославскому клубу стоит изменить глубину состава"
607,2026-06-14,ТАСС,"ГУ МВД по Москве: полиция никогда не просит о сотрудничестве по телефону. Замначальника Центра по противодействию экстремизму министерства Денис Белялов предупредил, что аватарка в мессенджере с изображением лица, фамилия, имя, отчество не подтверждают абонента"
608,2026-06-14,ТАСС,"Euronews: Фон дер Ляйен могла инициировать реформу из-за конфликта с Каллас. По данным телеканала, скандал вокруг реформы внешнеполитического европейского ведомства, вероятно, обусловлен ""внутриведомственными распрями"""
609,2026-06-14,ТАСС,"Казахстанская партия ""Адилет"" поддержала присоединение к ней партии ""Аманат"". Лидер ""Адилета"" Айбек Дадебай назвал это решение взвешенным"
610,2026-06-14,ТАСС,"В РПЦ призвали внедрить внеипотечные формы предоставления жилья семьям с детьми. Это может переломить ту негативную тенденцию, сложившуюся в сфере демографии в России, отметил председатель Патриаршей комиссии по вопросам семьи, защиты материнства и детства иерей Федор Лукьянов"
611,2026-06-14,ТАСС,"Титов: Россия и Китай могут перейти на расчет товарооборота в рублях и юанях. Уже три года Пекин и Москва показывают результат торгового оборота больше $200 млрд, отметил спецпредставитель президента России по связям с международными организациями для достижения целей устойчивого развития"
612,2026-06-14,ТАСС,"Иерей Федор Лукьянов: аборт — это национальное самоубийство. Об итогах работы Патриаршей комиссии по вопросам семьи, защиты материнства и детства, о ключевых достижениях в сфере защиты детей, о борьбе с абортами, о росте числа многодетных семей, а также о планах законодательно ограничить рекламу оккультных услуг и реформировать систему опеки рассказал в интервью ТАСС председатель Патриаршей комиссии по вопросам семьи, защиты материнства и детства иерей Федор Лукьянов"
613,2026-06-14,ТАСС,"Володин: штрафы для перекупщиков ж/д билетов усилят защиту граждан. За такие нарушения граждане могут заплатить заплатить от 5 до 10 тыс. рублей, юридические лица - от 400 до 500 тыс. рублей"
614,2026-06-14,ТАСС,В Орле прокуратура контролирует соблюдение прав граждан после атаки БПЛА. На место падения беспилотника для координации действий правоохранительных органов выехал прокурор Северного района
615,2026-06-14,ТАСС,Патриарх российского футбола. Биография Вячеслава Колоскова. 15 июня ему исполнится 85 лет
616,2026-06-14,ТАСС,"""Герань"" поразила пункт управления БПЛА ВСУ у Новогришина в ДНР. В Минобороны РФ предоставили кадры объективного контроля"
617,2026-06-14,ТАСС,В Запорожской области произошли взрывы. В регионе действует воздушная тревога
618,2026-06-14,ТАСС,В ДР Конго число умерших от Эболы достигло 149. В больницах и изоляторах находятся 324 инфицированных вирусом
619,2026-06-14,ТАСС,"Нацразведка США: к работе биолабораторий на Украине привлекалась ВОЗ. В том числе в сеть сотрудничества входили центры по контролю и профилактике заболеваний Соединенных Штатов и несколько западных исследовательских центров, отмечается в рассекреченном отчете аппарата директора американской Национальной разведки"
620,2026-06-14,ТАСС,Зампред Зиновьева: Подмосковье занимает лидирующие позиции по роботизации производств. Около 10% роботов от общероссийского объема приходится на предприятия региона
621,2026-06-14,ТАСС,"Патриарший мост оборудуют сходом на Якиманскую набережную. Специалисты проектируют сход в форме цилиндра - по центру расположится лифтовая шахта, а вокруг нее по спирали сделают лестницу, сообщил мэр Москвы Сергей Собянин"
622,2026-06-14,ТАСС,"Reuters: катарские переговорщики прибыли в Иран. Соглашение об окончании конфликта может быть подписано уже 14 июня, сообщает агентство"
623,2026-06-14,ТАСС,"Стармер заявил, что в Ла-Манше задержали принадлежащий ""теневому флоту"" танкер. Согласно открытым данным, судно Smyrtos ходит под флагом Камеруна"
624,2026-06-14,ТАСС,В Орле из-за атаки БПЛА на дом погиб человек. Еще восемь пострадали
625,2026-06-14,ТАСС,Херсонская область будет развивать Приазовье и Черноморское направление. Решение приняли для реализации потенциала в рыбохозяйственном комплексе и туризме
626,2026-06-14,ТАСС,Движение на выезде из Ярославля в сторону Москвы перекрыли из-за атаки БПЛА. Жителей призвали выбирать пути объезда
